INSERT INTO `PRODUCT` (`ID`,`NAME`,`DESCRIPTION`, `PRICE`) VALUES (1,'Tornillo extrafino', 'Tornillo extrafino de alta precision', 1.00);
INSERT INTO `PRODUCT` (`ID`,`NAME`,`DESCRIPTION`, `PRICE`) VALUES (2,'Tornillo fino', 'Tornillo fino de alta precision', 0.50);
INSERT INTO `PRODUCT` (`ID`,`NAME`,`DESCRIPTION`, `PRICE`) VALUES (3,'Carcasa blanda', 'Carcasa blanda para portatiles', 10.00);
INSERT INTO `PRODUCT` (`ID`,`NAME`,`DESCRIPTION`, `PRICE`) VALUES (4,'Carcasa dura', 'Carcasa dura para portatiles', 15.00);
INSERT INTO `PRODUCT` (`ID`,`NAME`,`DESCRIPTION`, `PRICE`) VALUES (5,'Funda iphone6', 'Funda de alta calidad para iphone6', 20.00);
INSERT INTO `PRODUCT` (`ID`,`NAME`,`DESCRIPTION`, `PRICE`) VALUES (6,'iphone6 cristal glass', 'Protector cristal glass para iphone6', 2.00);
INSERT INTO `PRODUCT` (`ID`,`NAME`,`DESCRIPTION`, `PRICE`) VALUES (7,'Mac book pro 2013 15', 'Mac book pro de 15 pulgadas del año 2013', 1500.00);
INSERT INTO `PRODUCT` (`ID`,`NAME`,`DESCRIPTION`, `PRICE`) VALUES (8,'iphone6s', 'Iphone 6s nuevo', 700.00);

INSERT INTO `STORE` (`ID`,`CITY`,`ADDRESS`) VALUES (1, 'Sevilla', 'Calle isaac newton nº 5');
INSERT INTO `STORE` (`ID`,`CITY`,`ADDRESS`) VALUES (2, 'Huelva', 'Avenida Pablo Rada nº 20');
INSERT INTO `STORE` (`ID`,`CITY`,`ADDRESS`) VALUES (3, 'Chipiona', 'Avenida Rota nº 52');
INSERT INTO `STORE` (`ID`,`CITY`,`ADDRESS`) VALUES (4, 'Mazagon', 'Avenida Conquistadores nº 18');

INSERT INTO `PRODUCT_STORE` (`ID_STORE`,`ID_PRODUCT`,`STOCK`) VALUES (1, 1, 10);
INSERT INTO `PRODUCT_STORE` (`ID_STORE`,`ID_PRODUCT`,`STOCK`) VALUES (1, 2, 5); 
INSERT INTO `PRODUCT_STORE` (`ID_STORE`,`ID_PRODUCT`,`STOCK`) VALUES (1, 3, 235); 
INSERT INTO `PRODUCT_STORE` (`ID_STORE`,`ID_PRODUCT`,`STOCK`) VALUES (1, 4, 15); 
INSERT INTO `PRODUCT_STORE` (`ID_STORE`,`ID_PRODUCT`,`STOCK`) VALUES (1, 5, 65); 
INSERT INTO `PRODUCT_STORE` (`ID_STORE`,`ID_PRODUCT`,`STOCK`) VALUES (1, 6, 75);
INSERT INTO `PRODUCT_STORE` (`ID_STORE`,`ID_PRODUCT`,`STOCK`) VALUES (1, 7, 85); 
INSERT INTO `PRODUCT_STORE` (`ID_STORE`,`ID_PRODUCT`,`STOCK`) VALUES (2, 2, 25); 
INSERT INTO `PRODUCT_STORE` (`ID_STORE`,`ID_PRODUCT`,`STOCK`) VALUES (2, 3, 45); 
INSERT INTO `PRODUCT_STORE` (`ID_STORE`,`ID_PRODUCT`,`STOCK`) VALUES (2, 4, 95);
INSERT INTO `PRODUCT_STORE` (`ID_STORE`,`ID_PRODUCT`,`STOCK`) VALUES (2, 5, 5); 
INSERT INTO `PRODUCT_STORE` (`ID_STORE`,`ID_PRODUCT`,`STOCK`) VALUES (3, 1, 1); 
INSERT INTO `PRODUCT_STORE` (`ID_STORE`,`ID_PRODUCT`,`STOCK`) VALUES (3, 2, 5); 
INSERT INTO `PRODUCT_STORE` (`ID_STORE`,`ID_PRODUCT`,`STOCK`) VALUES (3, 3, 2);
INSERT INTO `PRODUCT_STORE` (`ID_STORE`,`ID_PRODUCT`,`STOCK`) VALUES (3, 4, 5); 
INSERT INTO `PRODUCT_STORE` (`ID_STORE`,`ID_PRODUCT`,`STOCK`) VALUES (3, 5, 5); 
INSERT INTO `PRODUCT_STORE` (`ID_STORE`,`ID_PRODUCT`,`STOCK`) VALUES (3, 6, 5); 
INSERT INTO `PRODUCT_STORE` (`ID_STORE`,`ID_PRODUCT`,`STOCK`) VALUES (3, 7, 4);
INSERT INTO `PRODUCT_STORE` (`ID_STORE`,`ID_PRODUCT`,`STOCK`) VALUES (3, 8, 5); 
INSERT INTO `PRODUCT_STORE` (`ID_STORE`,`ID_PRODUCT`,`STOCK`) VALUES (4, 1, 5); 
INSERT INTO `PRODUCT_STORE` (`ID_STORE`,`ID_PRODUCT`,`STOCK`) VALUES (4, 2, 9); 
INSERT INTO `PRODUCT_STORE` (`ID_STORE`,`ID_PRODUCT`,`STOCK`) VALUES (4, 3, 5);
INSERT INTO `PRODUCT_STORE` (`ID_STORE`,`ID_PRODUCT`,`STOCK`) VALUES (4, 4, 3); 
INSERT INTO `PRODUCT_STORE` (`ID_STORE`,`ID_PRODUCT`,`STOCK`) VALUES (4, 5, 5); 

